Sector,Ticker,Market Cap (Cr),PE Ratio,1Y Return %,ROE %,ROI %,Net Profit Margin %,Dividend Yield %,EBITDA (Cr),Cash & Equiv (Cr),Total Debt (Cr),Beta,start,end,fundamental_cluster,hierarchical_cluster
IT,TCS,1130254.3,23.71,-21.18,42.63,22.51,18.3,200.0,68208.0,56743.0,10821.0,0.3,0,99,0,1
IT,INFY,663897.77,23.27,-9.16,32.68,15.67,16.15,271.0,438.05,298.5,97.8,0.26,0,99,0,1
IT,WIPRO,248169.39,18.79,-19.81,15.2,6.77,14.59,709.0,16855.9,57394.9,19804.6,0.56,0,99,0,1
IT,HCLTECH,458770.4,27.98,2.45,23.19,12.87,13.02,314.0,284.9,349.2,79.1,0.2,0,99,0,1
IT,TECHM,154352.79,33.41,7.39,,,8.39,254.0,7575.77,7278.9,1954.4,0.21,0,99,0,1
IT,LTIM,177107.28,37.32,3.63,20.97,12.4,11.61,112.0,6855.9,14066.6,2333.2,0.31,0,99,0,1
IT,MPHASIS,52579.68,29.26,-1.86,18.7,9.34,11.72,206.0,2678.51,2975.91,2401.06,0.43,0,99,0,1
IT,COFORGE,55531.71,49.53,0.23,,,7.89,95.0,2260.9,571.2,971.5,0.17,0,99,0,1
IT,PERSISTENT,94366.83,54.63,0.6,24.97,15.13,12.43,72.0,2579.98,2212.79,429.96,0.32,0,99,0,1
IT,OFSS,67528.71,27.73,-9.58,,,33.34,166.0,3161.6,4843.1,34.0,0.12,0,99,0,1
BANKING,HDFCBANK,1429818.0,21.13,11.36,14.02,1.75,26.19,118.0,,127591.02,615833.51,0.46,0,99,1,0
BANKING,ICICIBANK,969122.25,18.51,8.75,16.8,2.14,27.51,80.0,,179377.34,215435.55,0.2,0,99,1,0
BANKING,AXISBANK,425797.85,16.26,39.29,13.62,1.56,34.17,7.0,,45378.91,261419.51,0.31,0,99,0,1
BANKING,SBIN,994276.02,11.98,44.08,15.68,1.15,22.62,149.0,,413643.44,650303.29,0.26,0,99,1,0
BANKING,KOTAKBANK,405776.11,21.6,7.41,,,24.56,12.0,,63920.94,82700.03,0.17,0,99,0,1
BANKING,INDUSINDBK,69813.0,,-6.37,,,-14.66,,,39777.86,45350.3,0.23,0,99,0,1
BANKING,BANDHANBNK,24913.67,24.74,5.27,,,12.81,99.0,,5330.47,8118.06,0.18,0,99,0,1
BANKING,FEDERALBNK,70769.78,17.43,56.52,,,29.05,42.0,,23373.36,26930.48,0.17,0,99,0,1
BANKING,IDFCFIRSTB,71859.95,45.67,37.04,3.44,0.41,6.61,30.0,,15501.02,40792.16,0.54,0,99,0,1
BANKING,PNB,143903.45,8.08,33.46,12.71,0.95,34.67,232.0,,151005.32,114758.36,0.5,0,99,1,0
FMCG,HINDUNILVR,557558.01,51.2,0.33,21.82,10.23,16.95,183.0,14203.0,8246.0,1775.0,0.25,0,99,0,1
FMCG,ITC,403629.12,19.82,-23.6,,,43.71,493.0,26941.32,,,,0,99,0,1
FMCG,NESTLEIND,256928.62,86.91,21.46,70.79,22.59,14.07,155.0,4689.28,365.89,476.85,0.24,0,99,0,1
FMCG,DABUR,89855.14,48.66,-3.62,,,14.2,157.0,2413.31,,,,0,99,0,1
FMCG,BRITANNIA,141160.86,60.95,16.98,66.23,20.03,12.57,131.0,3352.23,920.58,2196.3,0.57,0,99,0,1
FMCG,MARICO,94528.92,55.25,10.24,,,13.18,144.0,2201.75,1689.0,575.0,0.09,0,99,0,1
FMCG,GODREJCP,118092.66,64.87,5.37,,,12.0,173.0,2982.74,2678.78,4113.49,0.22,0,99,0,1
FMCG,COLPAL,57503.2,43.32,-22.05,,,22.67,241.0,1805.83,,,,0,99,0,1
FMCG,UBL,38827.9,106.03,-30.52,8.55,4.29,3.96,70.0,757.15,294.08,776.87,0.12,0,99,0,1
FMCG,TATACONSUM,112205.22,76.41,18.17,,,7.54,75.0,2646.27,2291.75,2576.11,0.33,0,99,0,1
PHARMA,SUNPHARMA,382765.92,36.63,-7.41,14.22,8.57,19.01,101.0,15668.2,27880.43,5215.1,0.16,0,99,0,1
PHARMA,DRREDDY,101415.13,17.93,2.62,16.1,7.96,16.36,66.0,8478.6,8258.9,6773.2,0.32,0,99,0,1
PHARMA,CIPLA,106950.16,23.53,-8.19,,,16.26,98.0,6368.78,10602.24,467.37,0.04,0,99,0,1
PHARMA,DIVISLAB,160635.04,64.62,5.97,17.06,10.44,24.78,50.0,3246.0,3261.0,90.0,0.12,0,99,0,1
PHARMA,LUPIN,98376.06,22.79,4.93,24.53,10.75,17.47,56.0,6076.9,6282.09,6217.0,0.32,0,99,0,1
PHARMA,BIOCON,59397.07,92.16,2.88,2.55,1.79,2.95,14.0,3401.3,6103.5,16535.5,0.2,0,99,0,1
PHARMA,TORNTPHARM,134051.48,62.6,19.09,26.83,13.02,17.47,81.0,3947.82,794.0,2822.0,0.11,0,99,0,1
PHARMA,ALKEM,67883.03,28.72,13.49,18.74,8.11,17.0,28.0,2760.21,5152.04,2355.6,0.31,0,99,0,1
PHARMA,AUROPHARMA,70143.4,20.5,2.46,10.38,6.31,10.53,35.0,6577.46,8892.41,7794.5,0.04,0,99,0,1
PHARMA,GLENMARK,56908.43,56.4,39.48,11.2,13.23,6.31,25.0,3917.52,2690.24,1224.18,0.32,0,99,0,1
AUTO,MARUTI,458996.32,30.79,22.98,,,8.69,93.0,19511.75,7639.4,99.9,0.21,0,99,0,1
AUTO,TATAMOTORS,,,,,,,,,,,,0,99,0,1
AUTO,M&M,411978.28,27.11,16.42,17.23,6.71,8.0,75.0,33110.01,38466.92,129765.74,0.42,0,99,0,1
AUTO,BAJAJ-AUTO,268012.62,32.24,12.49,25.57,14.69,14.9,221.0,13533.39,6472.79,19564.61,0.71,0,99,0,1
AUTO,EICHERMOT,195369.63,38.38,39.7,24.87,10.11,23.99,99.0,4874.95,4870.45,445.78,0.09,0,99,0,1
AUTO,HEROMOTOCO,110725.17,20.97,37.84,26.33,10.98,12.53,233.0,6056.4,10794.56,718.07,0.7,0,99,0,1
AUTO,TVSMOTOR,174661.82,79.86,50.4,,,5.52,27.0,7449.18,5332.06,31589.29,-0.02,0,99,0,1
AUTO,ASHOKLEY,115532.85,35.57,91.63,23.67,7.85,6.39,161.0,10837.19,9533.68,54513.09,0.25,0,99,0,1
AUTO,ESCORTS,37197.25,29.85,-5.03,11.49,4.76,22.04,140.0,1254.42,7159.0,103.51,0.15,0,99,0,1
AUTO,BALKRISIND,44575.08,33.98,-16.21,,,12.33,68.0,2222.34,1425.84,3681.97,0.32,0,99,0,1
METAL,TATASTEEL,240868.81,35.5,50.73,7.17,3.85,3.07,178.0,27453.0,8485.61,95643.13,0.81,0,99,0,1
METAL,JSWSTEEL,296661.16,39.89,28.06,,,4.16,23.0,27822.5,18933.0,101107.0,0.57,0,99,0,1
METAL,HINDALCO,215225.35,12.05,64.95,14.21,5.98,7.0,49.0,34089.0,25258.0,77650.0,0.89,0,99,0,1
METAL,SAIL,62424.63,24.42,45.12,4.41,2.39,2.4,102.0,10555.58,961.87,33663.18,0.92,0,99,0,1
METAL,NMDC,71398.35,10.16,30.99,23.09,12.8,26.33,390.0,8864.92,10536.02,3639.57,0.69,0,99,0,1
METAL,VEDL,266361.37,18.92,65.99,,,8.85,672.0,44195.75,,,,0,99,0,1
METAL,RATNAMANI,15539.25,25.58,-19.91,17.08,10.57,11.28,69.0,902.9,686.39,241.12,0.12,0,99,0,1
METAL,APLAPOLLO,56809.36,49.81,39.09,,,5.26,28.0,1699.91,1333.76,715.47,0.15,0,99,0,1
METAL,COALINDIA,271622.26,8.71,22.7,30.58,8.13,23.91,581.0,43642.82,36520.02,13786.17,,0,99,0,1
METAL,JINDALSTEL,115179.65,41.89,35.02,5.65,3.87,5.61,17.0,8229.25,4681.87,19155.98,0.62,0,99,0,1
ENERGY,RELIANCE,1888321.17,22.7,11.81,,,8.12,40.0,168450.99,223871.0,374593.0,0.31,0,99,1,0
ENERGY,ONGC,338359.17,9.24,10.05,10.98,5.08,5.58,663.0,96008.61,50267.83,176017.79,0.16,0,99,0,1
ENERGY,BPCL,158138.54,6.33,46.87,,,5.5,477.0,38120.26,17430.37,52966.83,0.98,0,99,0,1
ENERGY,IOC,230515.09,9.04,35.21,13.17,4.57,3.27,491.0,54382.31,12801.61,146680.58,0.81,0,99,0,1
ENERGY,HINDPETRO,90858.02,5.9,25.93,,,3.55,358.0,27339.77,4196.1,63094.8,1.09,0,99,0,1
ENERGY,GAIL,109994.5,10.08,4.49,12.71,4.76,7.57,448.0,12828.13,1744.98,22433.31,0.45,0,99,0,1
ENERGY,POWERGRID,238560.48,16.58,-10.27,15.92,6.05,32.92,518.0,38556.22,9636.61,139677.72,0.2,0,99,0,1
ENERGY,NTPC,345201.34,19.04,13.15,13.1,4.42,12.72,310.0,54359.98,8000.88,254876.03,0.22,0,99,0,1
ENERGY,ADANIGREEN,140388.82,99.22,-12.3,,,11.75,,10164.0,6065.0,88153.0,0.88,0,99,0,1
ENERGY,TATAPOWER,117045.28,28.89,4.63,11.72,3.93,6.13,61.0,13927.33,11142.67,70083.18,0.34,0,99,0,1
INFRA,LT,540931.73,30.76,16.02,,,5.75,86.0,33341.78,,,,0,99,0,1
INFRA,ADANIPORTS,327116.13,25.68,32.46,18.59,7.34,34.42,49.0,20525.57,11129.08,56850.7,0.26,0,99,0,1
INFRA,DLF,157425.18,35.56,-14.62,,,46.58,94.0,2037.16,7239.1,1777.42,0.19,0,99,0,1
INFRA,GMRINFRA,,,,,,,,,,,,0,99,0,1
INFRA,IRB,25092.05,3.81,-22.16,38.37,2.13,94.92,69.0,2766.99,2416.18,20851.58,-0.01,0,99,0,1
INFRA,NBCC,26692.2,44.53,7.37,22.93,3.42,4.64,110.0,711.7,5052.72,0.32,0.71,0,99,0,1
INFRA,NCC,9193.56,11.58,-38.86,11.42,4.72,3.74,152.0,1843.44,768.46,2922.76,0.45,0,99,0,1
INFRA,SIEMENS,110443.65,65.47,-10.07,,,10.74,39.0,2829.97,6674.6,145.3,0.33,0,99,0,1
INFRA,KEC,17759.53,25.87,-17.38,12.77,4.34,2.93,85.0,1652.71,412.77,5308.03,0.1,0,99,0,1
INFRA,ASHOKA,4184.17,3.03,-39.91,38.04,7.88,15.67,,2596.3,1373.82,1988.9,0.32,0,99,0,1
FINANCIALS,BAJFINANCE,578026.89,31.56,18.4,19.09,3.99,45.03,47.0,,12801.44,327664.87,0.15,0,99,0,1
FINANCIALS,BAJAJFINSV,311927.3,32.65,11.94,15.1,4.99,6.95,5.0,52802.31,12754.37,322435.78,0.26,0,99,0,1
FINANCIALS,HDFCLIFE,157682.25,83.73,15.59,11.32,0.37,1.81,29.0,2199.34,588.41,3099.0,0.55,0,99,0,1
FINANCIALS,SBILIFE,200415.54,80.75,35.94,13.92,0.35,1.89,14.0,2816.54,1914.36,,0.34,0,99,0,1
FINANCIALS,ICICIPRULI,92201.44,67.46,4.3,10.91,0.38,1.8,14.0,2071.35,113.29,2595.0,0.48,0,99,0,1
FINANCIALS,CHOLAFIN,138955.02,29.63,27.71,19.62,2.33,39.16,12.0,,11122.68,187901.74,0.42,0,99,0,1
FINANCIALS,MUTHOOTFIN,153833.09,20.99,75.43,23.81,5.28,49.35,64.0,,8448.76,122704.81,0.65,0,99,0,1
FINANCIALS,MANAPPURAM,24093.76,60.69,44.49,,,10.85,67.0,,,,,0,99,0,1
FINANCIALS,PFC,125189.36,5.06,-4.34,21.11,2.83,49.47,377.0,,37674.51,1006498.43,0.6,0,99,0,0
FINANCIALS,REC,,,,,,,,,,,,0,99,0,1
CHEMICALS,PIDILITIND,145645.06,65.44,-0.16,24.08,13.4,16.11,70.0,3151.65,3185.29,442.77,0.26,0,99,0,1
CHEMICALS,UPL,59443.9,27.16,25.3,6.83,4.26,4.59,84.0,7399.0,4760.0,30022.0,0.67,0,99,0,1
CHEMICALS,SRF,83482.13,46.89,-0.09,,,11.49,35.0,3441.34,634.67,4604.97,0.07,0,99,0,1
CHEMICALS,TATACHEM,18995.9,93.79,-22.07,1.64,1.39,1.5,152.0,1835.0,1136.0,7495.0,0.2,0,99,0,1
CHEMICALS,AARTIIND,13507.13,46.55,-14.85,5.21,3.09,3.84,28.0,993.7,169.0,3973.0,0.39,0,99,0,1
CHEMICALS,DEEPAKNTR,22402.56,42.21,-27.43,9.96,5.74,6.75,47.0,881.13,338.88,1243.9,0.03,0,99,0,1
CHEMICALS,NAVINFLUOR,31257.4,68.83,56.45,14.63,8.13,15.91,21.0,782.4,864.1,1176.72,0.19,0,99,0,1
CHEMICALS,BALRAMCHIN,8494.72,21.03,-9.92,10.85,7.25,6.85,171.0,743.12,10.56,774.4,0.53,0,99,0,1
CHEMICALS,ALKYLAMINE,8032.68,44.22,-7.25,,,11.83,64.0,297.04,202.83,5.53,0.37,0,99,0,1
CHEMICALS,GNFC,6859.19,10.77,-11.48,7.48,2.35,8.46,384.0,706.27,1775.0,13.0,-0.28,0,99,0,1
