cluster,stock_1,stock_2,pvalue,beta,spread_std
0,BANDHANBNK,FEDERALBNK,4.96670602856126e-05,-1.1383925665281553,24.842425133261585
0,MARICO,BALKRISIND,6.83540081405873e-05,0.15638805658004054,28.796118291765087
0,KOTAKBANK,NMDC,0.00014685659123088197,-1.7196000422758912,85.66575433678668
0,KOTAKBANK,JINDALSTEL,0.0002157042736576801,-0.12194981932262242,87.54653470323906
0,KOTAKBANK,DRREDDY,0.0002358874735616454,-0.12939270828695543,88.95781891405845
0,KOTAKBANK,GAIL,0.00024598964708921257,-0.506158051119211,88.31526636977418
0,KOTAKBANK,IRB,0.0002461301046780451,-1.332355421164212,88.50159723007326
0,KOTAKBANK,SAIL,0.00026619120583230393,-0.9676414211465637,88.37862257976822
0,KOTAKBANK,UPL,0.00026631084966765244,0.21321952214380988,89.3988131426957
0,KOTAKBANK,AUROPHARMA,0.00027130141201860613,-0.07103156790955352,89.15742417194363
0,KOTAKBANK,NCC,0.0002731366478883815,-0.2641933841541144,88.5965969042232
0,KOTAKBANK,PFC,0.0002772951021396135,-0.15624075233924642,88.36177624885326
0,KOTAKBANK,MARUTI,0.0002793244978279401,-0.010977871803751454,89.26996554248717
0,KOTAKBANK,NBCC,0.00028046858303822254,-0.6934286636115995,88.93902453346027
0,KOTAKBANK,POWERGRID,0.00028872336029289107,-0.3238716236916168,88.39507098797975
0,KOTAKBANK,COALINDIA,0.000292107834349624,-0.19638855044499975,88.44356699298116
0,KOTAKBANK,BAJAJ-AUTO,0.00029704775390658315,-0.00894177754420103,88.94045263224211
0,KOTAKBANK,CIPLA,0.00030051838895317186,-0.10070817955040341,88.25182609466268
0,KOTAKBANK,NTPC,0.000303100259939533,-0.2275157350684304,88.65107184323851
0,KOTAKBANK,SIEMENS,0.00030552927285924406,-0.020535375621017767,89.06810404968122
0,KOTAKBANK,LT,0.00030854880992206584,-0.025413994521850607,89.18324425916416
0,KOTAKBANK,HEROMOTOCO,0.00030892974322725296,-0.01845450815557563,89.60923372617093
0,KOTAKBANK,ALKYLAMINE,0.00031274753401218326,0.034550196215907096,89.28374503737265
0,KOTAKBANK,LUPIN,0.00031817981061891827,-0.04660227056782358,89.07194242447494
0,KOTAKBANK,ASHOKA,0.0003184929851675963,-0.3168759348866234,89.82728676631409
0,KOTAKBANK,M&M,0.0003220685482473216,-0.028159394068609116,89.46746942111714
0,KOTAKBANK,IOC,0.00032287742283559895,-0.5644622683651047,88.8946339372778
0,KOTAKBANK,JSWSTEEL,0.00032737985433938985,-0.1560854032882229,88.86372637845994
0,KOTAKBANK,TATASTEEL,0.0003288029606847632,-0.9120831143904155,88.46586448714199
0,BANDHANBNK,EICHERMOT,0.0003344954389468391,-0.05114219647221124,29.64176177093819
0,KOTAKBANK,RATNAMANI,0.0003345811114120601,-0.02651590459404066,88.85924738498618
0,KOTAKBANK,TVSMOTOR,0.0003371632128970598,-0.02977879536918424,89.15852551162035
0,KOTAKBANK,ADANIPORTS,0.0003383534901832181,-0.06990162039221265,89.51181643082849
0,KOTAKBANK,COLPAL,0.00034319957070527067,-0.03317848124367404,89.15112180992217
0,KOTAKBANK,GLENMARK,0.000343530635651822,-0.04987566748657896,89.61083347943975
0,KOTAKBANK,SUNPHARMA,0.0003437525632389445,-0.061053472406601604,88.80499396623031
0,KOTAKBANK,FEDERALBNK,0.00034531923149906614,-0.46389579754860305,89.87459033467779
0,KOTAKBANK,ESCORTS,0.00034835801449953623,-0.022229749416788683,89.47275928983763
0,KOTAKBANK,ONGC,0.000353025086903974,-0.349527206446792,88.82253762123646
0,KOTAKBANK,DLF,0.0003538580211279018,-0.08674437265886394,89.75930873998594
0,BANDHANBNK,APLAPOLLO,0.0003656532847220287,-0.12512687310033827,25.983548375885842
0,KOTAKBANK,AARTIIND,0.0003680717141771561,0.12232764619021885,89.28647485501291
0,BANDHANBNK,MARUTI,0.00037133637858259284,-0.02175023881931412,29.343795964720634
0,KOTAKBANK,KEC,0.0003727054056850808,-0.08937747442251026,89.91255737723834
0,KOTAKBANK,DABUR,0.00037393658665481675,0.5225421403296652,89.68676100661962
0,KOTAKBANK,APLAPOLLO,0.0003765640927798004,-0.07076496277412343,88.32007533703472
0,KOTAKBANK,EICHERMOT,0.00037997090846568683,-0.019644954183779127,90.28615726932429
0,KOTAKBANK,BPCL,0.00038040850756390485,-0.3165769179425565,89.64640478430903
0,KOTAKBANK,VEDL,0.00038392209524765604,-0.18335179573460178,89.91527798780592
0,KOTAKBANK,TATAPOWER,0.00038412483459281745,-0.16833705353185646,89.80337674648409
0,KOTAKBANK,TORNTPHARM,0.00038817909204212137,-0.030462311102294963,89.32549417741787
0,KOTAKBANK,CHOLAFIN,0.00040406958555883483,-0.05386162037315313,90.00429293800113
0,KOTAKBANK,HINDPETRO,0.00040526262627726864,-0.20285323185655638,89.92936268392074
0,KOTAKBANK,NAVINFLUOR,0.0004057798317104793,0.02666570845741073,90.4795104861032
0,KOTAKBANK,ALKEM,0.00041751873644305294,-0.017013942829100917,90.05411005646184
0,KOTAKBANK,HINDALCO,0.0004182659144981412,-0.1421861093851168,90.2086109154632
0,KOTAKBANK,BAJAJFINSV,0.00041930132950329326,0.08538027933610746,89.29993223663743
0,KOTAKBANK,ASHOKLEY,0.0004237863434962202,-0.7862206369502064,90.34161811287112
0,KOTAKBANK,TATACONSUM,0.0004273812501615165,-0.09763896416220579,90.04760237907148
0,TCS,HINDPETRO,0.0004393175338652735,4.5182068834775615,163.53838863617406
0,KOTAKBANK,BAJFINANCE,0.0004479100192152723,0.3079074604593042,88.63055066289876
0,KOTAKBANK,ITC,0.0004539909561022401,-0.15567137997889105,90.16693663971343
0,KOTAKBANK,IDFCFIRSTB,0.0004555821630313475,-0.8005291655506523,90.67026292594643
0,KOTAKBANK,GNFC,0.0004749717792188495,-0.11288031862914118,90.20103035398377
0,KOTAKBANK,NESTLEIND,0.00047955683405737456,-0.07587246998207044,90.82926950677657
0,KOTAKBANK,BRITANNIA,0.0004909252563722342,-0.015734847405287352,90.70447741021383
0,KOTAKBANK,BALKRISIND,0.0004975167684356336,-0.0287004953151285,90.93694323216742
0,KOTAKBANK,MUTHOOTFIN,0.0005185311632283135,-0.025587148845563998,91.32176216929503
0,KOTAKBANK,BALRAMCHIN,0.0005225976830838909,-0.1890754158053219,89.96355537626674
0,KOTAKBANK,SBILIFE,0.000545987704979909,-0.040189448428698954,91.19039131514462
0,KOTAKBANK,GODREJCP,0.0005461299168173446,-0.06852296437387974,90.57329947418691
0,KOTAKBANK,HINDUNILVR,0.0005536497801721678,0.06586380521850164,90.7379351637584
0,KOTAKBANK,INDUSINDBK,0.0005583709091129943,-0.022232239011146772,91.4884879746941
0,KOTAKBANK,MARICO,0.0005887383118965702,-0.10022277312945918,91.38031332173686
0,KOTAKBANK,PIDILITIND,0.000589190030517504,-0.032868324389639714,91.4113023962415
0,KOTAKBANK,UBL,0.0006053328662434333,-0.027766690487219463,91.39385905742725
0,BANDHANBNK,LT,0.0006133974591256457,-0.0517863512429485,26.45478662367661
0,KOTAKBANK,SRF,0.0006295461666706044,0.006747413656733185,91.58926023152122
0,KOTAKBANK,TATACHEM,0.0006331310942653993,-0.02849632599048398,91.53479384733274
0,KOTAKBANK,DEEPAKNTR,0.0006340392561229641,0.004450044566881506,91.6157986629689
0,BAJAJ-AUTO,GAIL,0.000644112426719523,50.16808072104074,464.552986043821
0,KOTAKBANK,ADANIGREEN,0.0006445037845523022,-0.00049236821164864,91.63253815946784
0,KOTAKBANK,MANAPPURAM,0.0006540640737130178,0.019416048264923016,91.63047985004685
0,KOTAKBANK,DIVISLAB,0.0006639914582397501,0.006203882631634111,91.51243082437313
0,KOTAKBANK,ICICIPRULI,0.0006837352140975936,0.04958373611968353,91.53077333683383
0,AXISBANK,BRITANNIA,0.0007023588470689875,0.2062433026884522,61.78456978489747
0,KOTAKBANK,HDFCLIFE,0.000742185870743161,0.3248595151700713,88.9836856759907
0,KOTAKBANK,BANDHANBNK,0.0007576770770008519,0.5673828095355506,87.0586672246938
0,KOTAKBANK,BIOCON,0.0008064645611436691,0.16433989776333408,91.12751645011944
0,BANDHANBNK,ITC,0.0009418107014398945,-0.41352474347711804,25.660029581396923
0,BANDHANBNK,JSWSTEEL,0.0009672984290886604,-0.2926312644566585,27.967634393438647
0,BANDHANBNK,JINDALSTEL,0.0009754412337630932,-0.18953586752553173,27.755596473511304
0,ADANIPORTS,NBCC,0.0011003959551657435,8.394272539767185,85.73072433676609
0,BANDHANBNK,BRITANNIA,0.0012005960799862864,-0.05035872224399548,28.374110901421183
0,BANDHANBNK,SUNPHARMA,0.00122631664327862,-0.11541908778246639,26.74798142539438
0,BANDHANBNK,TVSMOTOR,0.0018210019136151218,-0.05909138805200902,27.8849031170165
0,BANDHANBNK,ESCORTS,0.0018539052612387625,-0.04603792387615226,29.34464741476223
0,AXISBANK,RATNAMANI,0.001971449665199293,0.2042729347681611,56.47825122469455
0,BANDHANBNK,RATNAMANI,0.0020258917599462684,-0.05000654788463572,27.541000850711615
0,BANDHANBNK,M&M,0.0024855199881429284,-0.05745751024029863,30.10534469852319
0,HEROMOTOCO,ADANIPORTS,0.002584677475989667,3.470297803664281,360.497039720051
0,BANDHANBNK,SIEMENS,0.002764418145707759,-0.03903916931987991,29.395008364343596
0,TCS,ALKEM,0.002882942015149238,0.3951367740258266,159.60017331688616
0,BANDHANBNK,TORNTPHARM,0.002925159388289185,-0.05948451407460062,30.77162160412366
0,JINDALSTEL,ONGC,0.0030318828247828454,3.266925133794827,70.20877836075618
0,BANDHANBNK,PIDILITIND,0.003046089398582485,-0.2056468374416375,30.844183442065226
0,TATASTEEL,ONGC,0.00326810040462544,0.3543857029625736,12.817765008293879
0,RATNAMANI,CHOLAFIN,0.0032696519230896648,2.5401887977117843,232.5520401669318
0,BANDHANBNK,COALINDIA,0.003336559346279754,-0.3381853147412111,28.91307641092183
0,BANDHANBNK,IRB,0.003349867743771835,-2.249872197440702,30.506207451304945
0,BANDHANBNK,DLF,0.0033612211828781316,-0.18777867122879124,30.76462740326039
0,JSWSTEEL,ONGC,0.003406625908514619,1.892073724497347,75.20035253423755
0,BAJAJ-AUTO,NBCC,0.0035496149203829972,74.95796349862295,629.7747793939865
0,BANDHANBNK,NTPC,0.003825449151864875,-0.4025119860353053,29.26546442631755
0,BPCL,NBCC,0.004022100937068482,1.8351544396407153,13.644521525071733
0,BANDHANBNK,POWERGRID,0.0040943715328889164,-0.5475485119442619,29.54608407291299
0,BANDHANBNK,CHOLAFIN,0.004366469981874539,-0.12588014466105396,30.385757578576655
0,MARUTI,COALINDIA,0.004410472305198816,14.827047614733166,522.8023062812458
0,AXISBANK,BANDHANBNK,0.004494549208012612,-2.952467379815324,103.76787000577467
0,BANDHANBNK,ASHOKLEY,0.004668877117615541,-1.97545037133054,32.490010062651756
0,PIDILITIND,TATACHEM,0.004829635995567937,1.1215222268030036,98.56318967884341
0,BAJAJ-AUTO,NCC,0.005052472125115808,27.1099153447514,564.4019354699951
0,BANDHANBNK,NESTLEIND,0.005234118504103166,-0.2543488692305504,29.85332703762291
0,ASHOKLEY,SIEMENS,0.005295563327631993,0.017697072940357685,5.994581833976473
0,BANDHANBNK,UPL,0.0054517820587333355,0.25318340475956597,44.37089745413901
0,AXISBANK,JINDALSTEL,0.005464343232526494,0.776086028238596,56.98128049555747
0,BANDHANBNK,NCC,0.005485786014239243,-0.4368871298337899,32.28899165092437
0,BANDHANBNK,DRREDDY,0.00553417080309357,-0.19409101308412754,38.10581602517039
0,BANDHANBNK,KEC,0.005625578430811129,-0.19328288162747892,32.83978029990337
0,COLPAL,BAJAJ-AUTO,0.005663316153001606,0.25472863607032115,114.10873645151173
0,TATACHEM,ALKYLAMINE,0.005880863667669399,-0.07440584189646587,141.95887051072404
0,COLPAL,NBCC,0.006102341305959778,19.335491593334236,171.36306449730637
0,BANDHANBNK,CIPLA,0.0061157501506147755,-0.16228844508760004,30.977909481329185
0,TCS,TORNTPHARM,0.006174945974578157,0.5686623472334429,186.22265265638143
0,BANDHANBNK,PFC,0.006198452850217996,-0.24817584564887413,32.45752001804512
0,HEROMOTOCO,GAIL,0.006589662449410629,20.67860114892468,283.7428828828626
0,HEROMOTOCO,NBCC,0.006796849508082922,31.568144525920648,262.29089156188195
0,DRREDDY,NCC,0.0068075498016014,1.7578393420099958,68.0306099324468
0,BANDHANBNK,TATACHEM,0.007099184635621145,-0.24914514287404002,34.14317970366688
0,MARICO,DEEPAKNTR,0.007326215851302937,0.1448482373515035,35.868039262334506
0,UBL,TATAPOWER,0.00735764661014984,2.0222650700954703,94.00073380015708
0,UBL,PIDILITIND,0.007401101190817351,1.1358046132017876,91.15592738100742
0,BRITANNIA,LT,0.007546088804167301,0.9059086293258662,347.73659690287246
0,CIPLA,NTPC,0.007822595000706992,2.321309248160626,63.303622079038945
0,AXISBANK,LT,0.008144771985485627,0.20905321578048222,54.12345936710896
0,TATACHEM,GNFC,0.00830735481388903,0.8600940185026845,83.7123624523059
0,COLPAL,NCC,0.008391202191872742,6.952807426769811,169.0237478959329
0,BANDHANBNK,UBL,0.008394237466666553,-0.15328105924223154,34.72623619743052
0,HCLTECH,PERSISTENT,0.008712762910885206,0.21451340969413063,56.99495139180235
0,ONGC,IOC,0.00902790672879231,1.602657366162816,12.889779540326668
0,SBILIFE,PIDILITIND,0.009343332023868292,1.0567059732009705,90.35686390599975
0,M&M,ASHOKLEY,0.009581344856176338,34.921488548012924,176.003804324001
0,TCS,HINDALCO,0.009584050962082381,3.3367100655260726,193.7952337093236
0,AXISBANK,MARUTI,0.010150222040939218,0.08864701893253207,70.90560245841245
0,BANDHANBNK,ONGC,0.010253967469381354,-0.6182001988182202,30.86396800103126
0,FEDERALBNK,BRITANNIA,0.01048120674952391,0.042129370534735214,16.41538958191514
0,BANDHANBNK,VEDL,0.010911137765840028,-0.3991003203606024,32.58218201286194
0,BANDHANBNK,TATAPOWER,0.011218743851655428,-0.3616734637927698,31.72975906348969
0,BAJFINANCE,BAJAJFINSV,0.011247576626804657,0.28467915523019277,31.873076323678134
0,EICHERMOT,ASHOKLEY,0.011380093367037096,38.66233818886658,258.0907513405806
0,BANDHANBNK,NMDC,0.011507777681051583,-2.0068521518809055,33.13740116118246
0,MARICO,VEDL,0.011726907004425996,0.6072214675274357,34.37413441861672
0,UBL,SBILIFE,0.012035509350494893,0.961913563531097,101.9712376380233
0,BANDHANBNK,GAIL,0.012260904786337012,-0.7760642592664949,33.698405138261634
0,TCS,PFC,0.01234850370784942,2.408402728809743,200.707008805048
0,EICHERMOT,SIEMENS,0.012375958068194904,0.7219799495034178,248.90840886911505
0,DLF,UPL,0.012393400420077916,-1.5460936715014268,154.59686779749595
0,TCS,HCLTECH,0.012686625353190897,1.3675301408597362,136.51085503373696
0,BANDHANBNK,SBILIFE,0.013374488035079152,-0.17463379595943013,31.805692128015
0,FEDERALBNK,EICHERMOT,0.01415266912076486,0.04580046995463418,12.302369917593238
0,TCS,POWERGRID,0.014269186862062369,5.037762691797506,197.86905542308892
0,CIPLA,ADANIPORTS,0.014522559361409311,0.8164678008010222,86.88708596914336
0,MARICO,TORNTPHARM,0.014682487598141735,0.08492078865799499,36.83441253126965
0,GAIL,ADANIPORTS,0.014757969981199244,0.1639267929998718,14.738307649996784
0,TCS,ASHOKA,0.015333951483597773,6.516830413569251,203.97788802819608
0,MARUTI,ESCORTS,0.015574270305510323,2.012217830595477,584.3824239803271
0,GODREJCP,TATASTEEL,0.015592752203737471,6.813081999379917,96.39161804801005
0,COLPAL,PFC,0.015924841232391393,3.9534472294734853,174.91329548118742
0,SUNPHARMA,ASHOKLEY,0.016159552707077102,17.46214205100141,144.83319902396008
0,BANDHANBNK,BAJAJ-AUTO,0.01632339779407334,-0.015001893023195293,34.21314912182429
0,LT,UPL,0.01658834929200145,-5.828096829380341,619.372573047763
0,BANDHANBNK,IOC,0.01713107118386287,-0.9681268206217007,32.93746294250235
0,BANDHANBNK,ALKEM,0.01724710393461615,-0.03676730387568148,34.63366822361803
0,BANDHANBNK,COLPAL,0.01792446648394097,-0.05551485683993487,35.81799530439803
0,AXISBANK,COALINDIA,0.018160368429433506,1.3894798790438578,64.43182807869708
0,RATNAMANI,LT,0.01840121157452977,0.9790285367228467,233.86631991010088
0,MARUTI,NTPC,0.018572275210489177,17.626407067314602,566.0309156672682
0,CIPLA,POWERGRID,0.018856120500375873,3.133105594128893,73.60389633806832
0,ONGC,PFC,0.018865751298598,0.39780699947220366,18.282285053054746
0,BANDHANBNK,HINDPETRO,0.019320605738054147,-0.3999318226992991,36.56258356018552
0,UBL,CIPLA,0.01943079079651977,0.8563039336117582,112.99846576103319
0,TATACHEM,AARTIIND,0.019457436713683083,-0.24562659368200984,142.86997121257346
0,BANDHANBNK,ASHOKA,0.01954592605279715,-0.5491774565231226,39.43235839351214
0,AXISBANK,ESCORTS,0.01956064758827261,0.1912922688982563,62.70226265180554
0,DLF,IRB,0.01957625527193877,11.49459069415591,56.41889376198636
0,M&M,EICHERMOT,0.01965677994800308,0.8517222427707104,184.47741549750606
0,MARUTI,CHOLAFIN,0.019686613624766213,5.515494387259691,667.1456940166157
0,BANDHANBNK,GLENMARK,0.020107214700178098,-0.08759955769556903,37.530058566726815
0,CIPLA,EICHERMOT,0.020759342317724715,0.28259624814124007,96.28179727544182
0,OFSS,HINDPETRO,0.020817344832853604,30.91688000100107,750.0783333537132
0,COLPAL,ADANIPORTS,0.02086080451932729,2.126817882956987,227.7918002858282
0,ADANIPORTS,IRB,0.021248069827488475,14.616483498377589,103.67892128375486
0,BRITANNIA,RATNAMANI,0.021355380589521272,0.9127989888275927,300.783981697042
0,DLF,PFC,0.021767849990899875,1.328865133877615,50.72923721314397
0,JINDALSTEL,NTPC,0.022597132906189588,2.094322659936759,60.68117163319646
0,UBL,EICHERMOT,0.022953556311687117,0.2583241712332342,119.90679573400669
0,MARICO,ASHOKLEY,0.022959634940452417,3.029361789146167,33.3644286289047
0,TCS,BAJAJ-AUTO,0.022977129833390994,0.14954544210379261,210.23457332623008
0,JINDALSTEL,NCC,0.023029015462279142,2.389443046022597,66.86328317228642
0,MARICO,JSWSTEEL,0.023513620781820677,0.40550181097728016,35.04568851964328
0,TCS,NCC,0.023955462614590427,4.157635004108039,211.33139287801347
0,ONGC,POWERGRID,0.023966412439388265,0.8451181051339001,13.49610935157914
0,NBCC,NCC,0.023985486866125987,0.3469761960396497,8.230003647833936
0,GODREJCP,BALKRISIND,0.0243821186782428,0.45242226175200906,97.69818233184346
0,ESCORTS,LT,0.024461288540506727,1.0221053973555223,274.25592673751004
0,BANDHANBNK,NBCC,0.024499145765374403,-1.0626020650925168,37.37348718120633
0,TCS,IRB,0.024555166108287677,20.68421176588188,210.338202371387
0,TCS,COLPAL,0.024631340356876235,0.5809504456656495,206.4646083090073
0,MARICO,SIEMENS,0.02465920113032398,0.05444150746064386,36.66495276961917
0,DABUR,ICICIPRULI,0.024868174687232358,0.25344005982937484,28.350248998551354
0,UBL,TORNTPHARM,0.025217804552639004,0.3056438600241391,121.2681322002877
0,BANDHANBNK,ADANIPORTS,0.025490616775638013,-0.1232186544863774,36.67641182403911
0,UBL,POWERGRID,0.02580398726092941,2.791675853585666,115.89469973438673
0,TCS,CIPLA,0.026004207493609332,1.494865245947414,214.89572210429264
0,MARICO,UBL,0.02644566985668882,0.2467424860154934,33.87056158750736
0,AXISBANK,NTPC,0.026690941994651825,1.6662200737016841,63.78433547352138
0,BANDHANBNK,LUPIN,0.026777916214054346,-0.06363023967847206,40.94247439292059
0,LUPIN,ASHOKA,0.02717112014126717,7.7098251465268,138.29738759371992
0,TCS,SUNPHARMA,0.027241263493974814,1.0217324859478016,193.0843994001928
0,MARICO,HINDALCO,0.027362808437277213,0.4994191986624696,37.50274273910022
0,BANDHANBNK,HEROMOTOCO,0.027478398223014518,-0.031914530713532716,37.975444441375636
0,TATACONSUM,IRB,0.02773809412039746,9.03148169408148,65.5236957019949
0,APLAPOLLO,UPL,0.02831988947905608,-1.7732345666495082,301.78539935622615
0,UBL,SUNPHARMA,0.02843053631300004,0.5649698122125003,114.22154424078839
0,MARUTI,ONGC,0.02846561969071471,27.27109374797946,678.0195101899637
0,AXISBANK,NCC,0.028466341884989314,1.8895728051125755,70.05400486855682
0,UBL,M&M,0.028922228858008988,0.29243029032263146,120.20148165087808
0,TCS,DRREDDY,0.02893972007089204,1.9989963000975008,254.72351581580347
0,IDFCFIRSTB,UPL,0.028951828585206833,-0.10580575208636024,13.200241845116887
0,AXISBANK,UPL,0.029140604808810713,-1.1628353711445611,144.46994415383685
0,NESTLEIND,APLAPOLLO,0.029323941414634916,0.4104710086370104,73.5749671194817
0,UBL,ADANIPORTS,0.02933061891603017,0.7331426405297189,120.3131488512399
0,COLPAL,GAIL,0.029426022406790073,12.860744522773276,148.84454105074337
0,ONGC,IRB,0.029564073612871868,3.5059987842085163,15.665390459645986
0,BALKRISIND,TATASTEEL,0.029918804635104615,12.980986572530998,196.75782450946718
0,AXISBANK,PFC,0.029977680961099665,1.0855476490510756,66.91889676059465
0,AXISBANK,CIPLA,0.03009297623231847,0.6703834096265376,77.13884467658349
0,ESCORTS,ONGC,0.03012656582936417,12.747003839216122,342.2877034950352
0,BAJAJ-AUTO,ADANIPORTS,0.030681301749895154,8.259873018862509,846.0935875922788
0,HINDALCO,NBCC,0.031360500501081565,3.017416071585812,59.99941588322489
0,DRREDDY,NBCC,0.031409534868055415,4.795008640486169,74.79808102175477
0,HINDALCO,HINDPETRO,0.03141601166604957,1.1438921744458022,54.54836714428212
0,HINDALCO,DEEPAKNTR,0.03193963256922317,0.24133357594246876,60.06619913521532
0,TORNTPHARM,ASHOKLEY,0.0320250977011488,32.29794095833552,231.1302534091274
0,BANDHANBNK,TATASTEEL,0.03205798906496562,-1.4025166341208841,34.501490752374785
0,IOC,UPL,0.03206026514379392,-0.27436748054387494,29.695215892076767
0,BRITANNIA,ASHOKLEY,0.03208433281730449,37.85289295687447,372.9085688840312
0,COALINDIA,JINDALSTEL,0.03208681723609082,0.5261774418140661,35.49639790492818
0,BANDHANBNK,BALKRISIND,0.03241475066384734,-0.0836816558741638,38.195497984223955
0,AXISBANK,NESTLEIND,0.03249107389825703,1.0520381972835349,68.62720610690937
0,CIPLA,COALINDIA,0.03285241841980031,1.9248712029455375,69.24460050276197
0,AXISBANK,TVSMOTOR,0.0329630412560285,0.24224410820906642,57.427973438051
0,NCC,PFC,0.03316306487082624,0.5584279240787084,17.85302374339885
0,BANDHANBNK,AARTIIND,0.03331201944641596,0.16834270987447456,41.65432442839452
0,BAJFINANCE,TATACHEM,0.03332999497051471,0.3456097434468622,55.37132691408834
0,HCLTECH,ASHOKA,0.03373453447502661,4.692387483035531,120.568447592215
0,NMDC,UPL,0.033769582502319075,-0.1282267299935547,14.543388351851084
0,MARICO,PIDILITIND,0.03382735027595531,0.30121749367675177,34.5749524104188
0,DABUR,DEEPAKNTR,0.03388536019552951,0.052647167404217876,29.229580458282754
0,MARICO,GLENMARK,0.03400498289796908,0.14527866992054272,38.629615954002375
0,UBL,ALKEM,0.034704440151601394,0.20170400234871003,128.16329699795094
0,PFC,UPL,0.03490868105072939,-1.1617561843511182,110.05694946942536
0,HCLTECH,KEC,0.03535708450805309,1.379272845096863,109.57615631068929
0,TCS,LUPIN,0.03566968677086118,0.7714638709184714,231.01036905281387
0,BANDHANBNK,BPCL,0.035740492695278556,-0.5362315117837494,38.805247899058664
0,DRREDDY,GLENMARK,0.03577445289376859,0.4058795505422659,67.70648737139776
0,IOC,ADANIPORTS,0.035824410795119284,0.1332986519995744,12.421242569516886
0,ALKEM,PFC,0.03588215152905814,6.087459393595676,311.625471466405
0,JINDALSTEL,PFC,0.03604570555561782,1.3511613570574337,72.11364793506229
0,MARICO,DRREDDY,0.036122467487002166,0.28226300581233854,47.98733344828292
1,HDFCBANK,ICICIBANK,0.036259353685654624,0.2070272434051098,42.35308489458314
0,BALKRISIND,DEEPAKNTR,0.03636343869808225,0.7903968566199697,235.65963987556555
0,TATACONSUM,TATASTEEL,0.03648809354807998,5.9029100896124955,79.50237119692586
0,BAJAJ-AUTO,ONGC,0.0372225374655046,36.15449200259214,809.0100813785505
0,NMDC,IRB,0.03746911560931927,1.0108296565705723,5.754597135394848
0,HINDALCO,PIDILITIND,0.03747132147053997,0.49980101248337344,58.58849010803081
0,UBL,VEDL,0.03762548664245626,2.134829111770097,120.27746576236142
0,CIPLA,PFC,0.03769194135646959,1.4855242770962904,82.10661842533966
0,MARUTI,RATNAMANI,0.03783642018397391,2.0691944563392934,705.9665549673794
0,UBL,ASHOKLEY,0.03813195021511815,10.546326236165847,120.25011231128867
0,IOC,DLF,0.038133171011491086,0.1811463561702274,8.332002398688736
0,ASHOKLEY,NCC,0.038142744655416984,0.20629612460049995,6.816929291192959
0,HINDALCO,TATAPOWER,0.03860140195330421,0.9485023247018557,47.66778012420675
0,RATNAMANI,UPL,0.03876649759107506,-5.542620377123636,662.3673377989205
0,CHOLAFIN,UPL,0.03891905842726503,-1.9952720611764265,257.97273490610974
0,UBL,HINDPETRO,0.03896399655769397,2.3119642347747744,128.7012709735126
0,BANDHANBNK,MARICO,0.039017255400276715,-0.4954403296426825,37.54327977494684
0,MARUTI,JINDALSTEL,0.03949266393330763,7.880125908372657,699.8131847240597
0,TATACONSUM,NMDC,0.039607386929286406,8.273363494585846,75.64099477473711
0,JSWSTEEL,RATNAMANI,0.039694452328844027,0.14808305958313908,70.01614548567824
0,HINDALCO,PFC,0.03990281797863649,0.6167957805216556,60.28855688491577
0,BANDHANBNK,ALKYLAMINE,0.03999140243069486,0.04388864031172687,43.049294733811394
0,TCS,GAIL,0.04021015262615697,7.792258951040406,196.70931075077553
0,ESCORTS,CHOLAFIN,0.04022871993859415,2.6486432134634406,276.29462345304984
0,COALINDIA,UPL,0.040479694096536616,-0.8558791149387466,91.51123437157439
0,DABUR,BAJAJFINSV,0.04059779390711394,0.07690755899354573,30.819367546723807
0,COALINDIA,NTPC,0.04082204646998702,1.1866672157718543,16.332164449356974
0,BALKRISIND,HINDALCO,0.040933368490814165,2.8562693551090494,223.01245392109578
0,JSWSTEEL,PFC,0.04116203184989345,0.7739138062142824,77.90911439818373
0,EICHERMOT,TVSMOTOR,0.04147530555275277,1.0781162710181287,220.16886692250876
0,DRREDDY,PFC,0.04158270156323993,0.9934395358190065,71.06549453665046
0,UBL,SIEMENS,0.04171254080876086,0.19483425915854014,122.5609407247073
0,UBL,BALKRISIND,0.0417601241285377,0.5039851409687127,132.5193445613993
0,ONGC,UPL,0.041989813209367996,-0.4208146092268625,50.75212470580235
0,OFSS,ASHOKA,0.04231548080410191,47.04004249549311,725.8222661418937
0,TCS,TATAPOWER,0.04232052960363446,3.450410765013647,201.8134416646115
0,TCS,UBL,0.04232595799613225,1.4687061881183534,240.39696095603162
0,AXISBANK,CHOLAFIN,0.04252128853364417,0.5339061955314665,61.92450755975777
0,ADANIPORTS,UPL,0.04257801403883941,-1.7243154246055652,228.43501852981646
0,BALKRISIND,JSWSTEEL,0.04293285091898702,2.297220695731494,214.4290506806704
0,NTPC,UPL,0.043186757649575816,-0.7046846623568098,77.25002411823411
0,DRREDDY,LUPIN,0.04321244695842345,0.3425947011136005,62.00078709011397
0,HEROMOTOCO,BPCL,0.04325699518825691,16.39060034295659,334.11429225725044
0,ADANIPORTS,PFC,0.04329361736093134,1.680008945846223,102.75098610244375
0,BAJAJ-AUTO,PFC,0.04358718122266652,15.352182391056965,629.2626950965873
0,SAIL,MANAPPURAM,0.04377247502591579,0.5608578791436492,16.110765847897685
0,MARUTI,LT,0.04377476718180953,2.1508052157837407,611.9754260744729
0,NESTLEIND,RATNAMANI,0.043851140115574797,0.1737455367677523,63.06240184796361
0,MARUTI,UPL,0.04409764796520092,-13.145865070213748,1417.6045937215
0,NESTLEIND,LT,0.0442635970367179,0.18179279818644056,52.97727714800587
0,INFY,DIVISLAB,0.044282878637162744,0.1931353853937994,126.30143065758217
0,MARICO,SUNPHARMA,0.04432600787957223,0.15169980736653196,38.09810770207335
0,TCS,MUTHOOTFIN,0.04458084677649387,1.1915871475403748,238.20496378265057
0,TATACONSUM,IOC,0.04461713117436826,4.184176142605633,55.216222026156046
0,TCS,BPCL,0.04469618488040328,6.320789881172261,191.39297677034173
0,NMDC,PFC,0.04476828743181413,0.11734232614858707,5.067100674000334
0,HCLTECH,HINDPETRO,0.045041768363697984,3.1828751512277162,101.18310042002375
0,TATACONSUM,HEROMOTOCO,0.045566798440010145,0.14733829834730433,82.65845486532362
0,CIPLA,ASHOKLEY,0.045731475889211205,11.532393454911867,97.01289982580194
0,MARICO,ASHOKA,0.045732541767421975,0.9101972353620942,43.57036992369696
0,JSWSTEEL,NCC,0.04603624734523116,1.3618786083147985,77.296199192139
0,BALKRISIND,SIEMENS,0.0463235088807039,0.30822986515230094,223.23565388372785
0,TCS,PERSISTENT,0.04640875998757913,0.2912064816636099,164.24903578634323
0,NCC,UPL,0.04693457869435452,-0.6385116676484462,64.90955093329303
0,HEROMOTOCO,UPL,0.04701411460854793,-7.7608292110178505,735.6076148529401
0,BALKRISIND,GAIL,0.04701571848223001,6.583175542471327,230.77806020190977
0,GAIL,POWERGRID,0.04709798304982888,0.6322717260485151,10.426289584658202
0,TCS,TATASTEEL,0.047099937034548324,13.734535762159268,225.49718942673596
0,JINDALSTEL,UPL,0.04718808552339693,-1.389768007969472,179.02843708851958
0,MARICO,MUTHOOTFIN,0.047286322291236596,0.17473409254954014,44.12748745239862
0,EICHERMOT,POWERGRID,0.04798272874087972,10.058968487079076,269.34001164167216
0,UBL,NTPC,0.04807810890224968,2.0286591565722,118.32391575846344
0,BANDHANBNK,TATACONSUM,0.048744135815481066,-0.2106720490469978,34.61473742042304
0,NMDC,ADANIPORTS,0.04910027578186797,0.06268259052894476,6.987327800228281
0,BAJFINANCE,DEEPAKNTR,0.04914478290636791,0.1325380888921833,54.156510713423856
0,CIPLA,ONGC,0.04914911258082972,3.5646150249375568,84.97808955121948
0,HINDALCO,POWERGRID,0.04944885470385703,1.3312827765103539,54.42185472295933
0,CIPLA,TVSMOTOR,0.049544061546253876,0.3294358536140269,72.24809991553367
0,DABUR,MANAPPURAM,0.0495647444432751,0.5030304266832425,31.58857659641797
0,TVSMOTOR,RATNAMANI,0.04956486243417938,0.8149025139027974,177.84164271413982
0,DABUR,BAJFINANCE,0.049627779301139825,0.22399532928920718,31.71594135832396
